标题,日期,阅读数,评论数,链接
原创 【粉丝福利】你的软著我帮你写，定制你的专属软著,2025/1/20 9:31,41496,26,https://lucianaib.blog.csdn.net/article/details/144925766
原创 全球首个产设研一体 AI 全栈高级工程师―― CodeBuddy IDE实测,2025/7/23 10:52,17704,1,https://lucianaib.blog.csdn.net/article/details/149564302
原创 时序数据库选型指南U为什么IoTDB成为物联网场景首选？,2025/7/17 21:32,1139,8,https://lucianaib.blog.csdn.net/article/details/149430786
原创 AI 时代的分布式多模态数据处理实践：我的 ODPS 实践之旅、思考与展望,2025/7/12 22:08,7797,30,https://lucianaib.blog.csdn.net/article/details/149300757
原创 从“自动化“到“自主化“的跃迁――AI大模型如何引爆DevOps革命,2025/7/12 14:07,7242,9,https://lucianaib.blog.csdn.net/article/details/149160671
原创 Chatbox?知识库?Mcp = 机器学习私人语音助手,2025/7/7 21:17,48513,78,https://lucianaib.blog.csdn.net/article/details/149181968
"原创 【源力觉醒 创作者计划】_巅峰对决_文心4.5开源模型ERNIE-4.5-VL-28B-A3B-Paddle VS Qwen3-235B-A22B(实测,含源码)",2025/7/5 21:48,1159,8,https://lucianaib.blog.csdn.net/article/details/149142569
原创 百度开源文心4.5系列开源21款模型，实测 ERNIE-4.5-VL-28B-A3B-Paddle 多项评测结果超 Qwen3-235B-A22B,2025/7/4 0:47,48529,10,https://lucianaib.blog.csdn.net/article/details/149102735
原创 用 CloudBase AI ToolKit 5分钟在本地创造一个程序员专属名片网站（同时静态托管云端）,2025/7/1 0:40,96215,12,https://lucianaib.blog.csdn.net/article/details/149034681
原创 飞算JavaAI：重新定义研发效能，让代码生成如丝般顺滑,2025/6/30 22:46,17300,157,https://lucianaib.blog.csdn.net/article/details/149033176
原创 我发现了适合程序员的完美显示器,2025/6/23 22:35,67579,65,https://lucianaib.blog.csdn.net/article/details/148855744
原创 华为云Flexus+DeepSeek征文｜在Dify-LLM平台中开发童话故事精灵工作流AI Agent,2025/6/22 18:49,3194,18,https://lucianaib.blog.csdn.net/article/details/148830906
原创 华为云Flexus+DeepSeek征文｜Dify-LLM平台部署教程与Flexus X实例优势解析,2025/6/22 17:28,2947,4,https://lucianaib.blog.csdn.net/article/details/148829815
原创 华为云Flexus+DeepSeek征文｜开启DeepSeek-V3+R1商用服务之旅,2025/6/22 14:09,3043,2,https://lucianaib.blog.csdn.net/article/details/148826996
原创 数据库管家KingbaseES：我的国产数据库初体验,2025/6/17 20:42,25030,72,https://lucianaib.blog.csdn.net/article/details/148723517
原创 智能体还能配置MCP?手把手用百宝箱打造一个音途智游，让旅游加入语音,2025/6/11 3:13,19350,48,https://lucianaib.blog.csdn.net/article/details/148570281
原创 VS Code：让你的编程效率翻倍的利器,2025/6/8 0:58,18775,45,https://lucianaib.blog.csdn.net/article/details/148503104
原创 如何做好一份技术文档：超详细攻略,2025/6/8 0:24,25132,3,https://lucianaib.blog.csdn.net/article/details/148502955
原创 如何做好一份优秀的技术文档：专业指南与最佳实践,2025/6/8 0:15,5818,71,https://lucianaib.blog.csdn.net/article/details/148502690
原创 早知道这个插件，我的大学Java EE也不至于低分通过,2025/6/7 17:58,14629,9,https://lucianaib.blog.csdn.net/article/details/148498470
原创 萨氏家族：从海疆铁血到数字中国――一部中国自立自强的家族史诗,2025/6/5 14:49,15403,61,https://lucianaib.blog.csdn.net/article/details/148450664
原创 【通义灵码 2.5 + Qwen3 + MCP Sever】AI总结微信提取聊天记录！再也不怕错过重要信息！,2025/5/26 1:29,275370,18,https://lucianaib.blog.csdn.net/article/details/148197901
原创 云电脑显卡性能终极对决：ToDesk云电脑/顺网云/海马云，谁才是4K游戏之王？,2025/5/21 18:24,59364,93,https://lucianaib.blog.csdn.net/article/details/148120953
原创 使用GpuGeek高效完成LLaMA大模型微调：实践与心得分享,2025/5/15 9:54,11340,80,https://lucianaib.blog.csdn.net/article/details/147975303
原创 用 GpuGeek 玩转大模型推理与微调实战：高性价比平台打造极致效率体验,2025/5/15 9:49,10730,55,https://lucianaib.blog.csdn.net/article/details/147973666
原创 王炸组合！CodeBuddy + 高德MCP 2.0 ，快速解决考点附近订酒店难题！,2025/5/13 21:53,206144,68,https://lucianaib.blog.csdn.net/article/details/147933545
原创 【金仓数据库征文】_金仓数据库在金融行业的两地三中心容灾架构实践,2025/5/10 13:07,29982,61,https://lucianaib.blog.csdn.net/article/details/147850109
原创 基于腾讯云MCP广场的AI自动化实践：爬取小红书热门话题,2025/5/8 22:31,151870,92,https://lucianaib.blog.csdn.net/article/details/147805601
原创 【影刀实战】每天自动关注CSDN热榜高活跃用户，实现高效涨粉和互关私聊,2025/5/2 22:36,53582,100,https://lucianaib.blog.csdn.net/article/details/147672847
原创 【金仓数据库征文】_AI 赋能数据库运维：金仓KES的智能化未来,2025/4/25 22:37,37724,123,https://lucianaib.blog.csdn.net/article/details/147522647
原创 用魔法打败魔法――获取软件安装路径,2025/4/19 1:19,20092,58,https://lucianaib.blog.csdn.net/article/details/147342490
原创 不会还有人在传统网页定位修改，看我用一行JS代码让你的网页变为可编辑,2025/4/18 0:28,105205,29,https://lucianaib.blog.csdn.net/article/details/147316311
原创 Bolt.diy：五分钟免费搭建个人博客，开启你的数字创作之旅！（保姆级教程）,2025/4/17 0:59,259062,5,https://lucianaib.blog.csdn.net/article/details/147289819
原创 强大的AI网站推荐（第五集）―― Suno,2025/4/16 1:17,48091,27,https://lucianaib.blog.csdn.net/article/details/147261779
原创 程序员副业暴利指南：用影刀3.0+Textln在某鱼10倍暴利的终极玩法,2025/4/14 16:57,45455,135,https://lucianaib.blog.csdn.net/article/details/147226239
原创 拿到Offer，租房怎么办？看我用高德MCP+腾讯云MCP，帮你分分钟搞定！,2025/4/1 23:35,136666,168,https://lucianaib.blog.csdn.net/article/details/146925461
原创 强大的AI网站推荐（第四集）―― Gamma,2025/3/26 22:52,181840,98,https://lucianaib.blog.csdn.net/article/details/146542497
原创 强大的AI网站推荐（第三集）―― AskO3,2025/3/22 21:45,106403,15,https://lucianaib.blog.csdn.net/article/details/146445900
原创 挑战用AI替代我的工作――从抢券困境到技术突破,2025/3/21 23:55,120285,73,https://lucianaib.blog.csdn.net/article/details/146430280
原创 强大的AI网站推荐（第二集）―― V0.dev,2025/3/21 20:47,15212,1,https://lucianaib.blog.csdn.net/article/details/146427747
原创 强大的AI网站推荐（第一集）―― Devv AI,2025/3/20 22:49,163330,104,https://lucianaib.blog.csdn.net/article/details/146407707
原创 女朋友电脑“爆盘”危机，我用神操作清理出30G+成功解围，爱情加分!,2025/3/11 23:02,69760,119,https://lucianaib.blog.csdn.net/article/details/146191136
原创 用腾讯云 HAI 快速开发一个智能客服助手，白嫖党的福利到底有多香？,2025/3/10 0:59,94228,10,https://lucianaib.blog.csdn.net/article/details/146142143
原创 腾讯云大模型知识引擎 + DeepSeek：打造懒人专属的谷歌浏览器翻译插件,2025/3/4 20:41,114539,152,https://lucianaib.blog.csdn.net/article/details/146026348
原创 告别繁琐！用优云智算轻松搞定ComfyUI文生图工作流,2025/2/28 22:45,54281,120,https://lucianaib.blog.csdn.net/article/details/145939269
原创 通义灵码2.0 AI 程序员体验：优化与问题解决的全过程,2025/2/17 21:45,202248,112,https://lucianaib.blog.csdn.net/article/details/145682178
原创 提升编程效率，体验智能编程助手―豆包MarsCode一键Apply功能测评,2025/2/13 15:41,24123,105,https://lucianaib.blog.csdn.net/article/details/145612184
原创 零门槛，轻松体验阿里云 DeepSeek-R1 满血版：快速部署，立享超强推理能力,2025/2/12 19:04,155527,95,https://lucianaib.blog.csdn.net/article/details/145595625
原创 深度对比析：DeepSeek服务优胜本地部署、网页版与蓝耘GPU智算云平台的较量以及删除本地部署的过程,2025/2/11 15:38,26569,138,https://lucianaib.blog.csdn.net/article/details/145569068
原创 蓝耘智算平台上3分钟快速部署 DeepSeek-R1教程(零基础版教程：附全程截图),2025/2/7 15:30,13244,184,https://lucianaib.blog.csdn.net/article/details/145480666
原创 大语言模型轻量化：知识蒸馏的范式迁移与工程实践,2025/2/5 22:47,10927,155,https://lucianaib.blog.csdn.net/article/details/145463091
原创 字节iOS面试经验分享：HTTP与网络编程,2025/1/27 12:07,11502,93,https://lucianaib.blog.csdn.net/article/details/145378973
原创 基于 PyQt5 的智能喝水提醒助手设计与实现,2025/1/25 0:28,10254,5,https://lucianaib.blog.csdn.net/article/details/145347970
原创 AI赋能！孙悟空怼人视频的流量变现秘籍,2025/1/24 23:05,11868,1,https://lucianaib.blog.csdn.net/article/details/145347583
原创 基于自然语言处理的垃圾短信识别系统,2025/1/24 20:29,11337,6,https://lucianaib.blog.csdn.net/article/details/145346143
原创 Python之百度财务数据可视化分析,2025/1/24 20:17,11362,1,https://lucianaib.blog.csdn.net/article/details/145346090
原创 豆包MarsCode 蛇年编程大作战 | 高效开发“蛇年运势预测系统”,2025/1/24 0:01,31909,35,https://lucianaib.blog.csdn.net/article/details/145330217
原创 C语言之装甲车库车辆动态监控辅助记录系统,2025/1/20 0:04,60355,25,https://lucianaib.blog.csdn.net/article/details/145250088
原创 RPA赋能内容创作：打造小红书入门词语图片的全自动化流程,2025/1/17 21:11,16936,6,https://lucianaib.blog.csdn.net/article/details/145214235
原创 玩转Cursor！安装教程+遇到机器码无法解决方法全揭秘,2025/1/15 22:50,101814,125,https://lucianaib.blog.csdn.net/article/details/145167323
原创 腾讯云AI代码助手编程挑战赛――打造属于个人的智能客服助手系统,2025/1/13 23:24,20255,145,https://lucianaib.blog.csdn.net/article/details/145125742
原创 爬取猫眼电影Top 100榜单：从入门到实战,2025/1/7 18:22,49422,197,https://lucianaib.blog.csdn.net/article/details/144990948
原创 打造个人听书神器：使用pyttsx3实现文字转语音,2024/12/30 16:09,3157,319,https://lucianaib.blog.csdn.net/article/details/144828611
原创 探索CSDN博客数据：使用Python爬虫技术,2024/12/23 16:45,4002,345,https://lucianaib.blog.csdn.net/article/details/144672371
原创 利用Python爬取百度百科词条并生成词云图,2024/12/16 11:29,4022,335,https://lucianaib.blog.csdn.net/article/details/144502577
原创 云开发 Copilot：AI 赋能的低代码革命,2024/12/9 16:12,22670,353,https://lucianaib.blog.csdn.net/article/details/144300821
原创 爬取小说资源的Python实践：从单线程到多线程的效率飞跃,2024/12/2 9:02,3927,327,https://lucianaib.blog.csdn.net/article/details/144179311
原创 深入解析：使用Python爬取Bilibili视频,2024/11/26 19:33,4864,328,https://lucianaib.blog.csdn.net/article/details/144066447
原创 使用Python实现自动化邮件通知：当长时程序运行结束时,2024/11/24 10:59,17826,31,https://lucianaib.blog.csdn.net/article/details/143974258
原创 自动化淘宝秒杀：Selenium WebDriver实战指南,2024/11/23 13:32,2893,10,https://lucianaib.blog.csdn.net/article/details/143974114
原创 抢票神器：大麦网抢票实战教程,2024/11/22 14:39,8169,167,https://lucianaib.blog.csdn.net/article/details/143973595
原创 爬取网易云音乐热歌榜：从入门到实战,2024/11/20 19:46,3975,163,https://lucianaib.blog.csdn.net/article/details/143877080
原创 丹摩｜FLUX.1+ComfyUI部署与使用,2024/11/17 11:05,1415,107,https://lucianaib.blog.csdn.net/article/details/143828986
原创 丹摩｜丹摩助力selenium实现大麦网抢票,2024/11/17 10:14,2203,54,https://lucianaib.blog.csdn.net/article/details/143828142
原创 丹摩｜爆料！智谱清影：视频处理的革新者，更高效的CogVideoX-2b部署指南,2024/11/16 22:27,579,35,https://lucianaib.blog.csdn.net/article/details/143824476
原创 优化策略：揭秘钢条切割与饼干分发的算法艺术,2024/11/8 11:06,2338,50,https://lucianaib.blog.csdn.net/article/details/143615478
原创 ONLYOFFICE 8.2：Adobe Acrobat的替代者，更轻量级的办公套件,2024/11/2 23:06,2443,74,https://lucianaib.blog.csdn.net/article/details/143457823
原创 【趣学C语言和数据结构100例】,2024/10/28 20:35,730,18,https://lucianaib.blog.csdn.net/article/details/143311182
原创 【趣学C语言和数据结构100例】,2024/10/27 21:51,1171,4,https://lucianaib.blog.csdn.net/article/details/143274231
原创 【趣学C语言和数据结构100例】,2024/10/26 20:40,983,5,https://lucianaib.blog.csdn.net/article/details/143258767
原创 【趣学C语言和数据结构100例】,2024/10/25 21:58,1037,2,https://lucianaib.blog.csdn.net/article/details/143243998
原创 【趣学C语言和数据结构100例】,2024/10/24 20:44,548,6,https://lucianaib.blog.csdn.net/article/details/143217282
原创 【趣学C语言和数据结构100例】,2024/10/23 20:25,662,4,https://lucianaib.blog.csdn.net/article/details/143191513
原创 【趣学C语言和数据结构100例】,2024/10/22 20:58,991,2,https://lucianaib.blog.csdn.net/article/details/143166330
原创 【趣学C语言和数据结构100例】,2024/10/21 21:01,2634,10,https://lucianaib.blog.csdn.net/article/details/143122343
原创 【趣学C语言和数据结构100例】,2024/10/20 20:57,821,3,https://lucianaib.blog.csdn.net/article/details/143097114
原创 【趣学C语言和数据结构100例】,2024/10/19 22:45,1528,4,https://lucianaib.blog.csdn.net/article/details/143082096
原创 【趣学C语言和数据结构100例】,2024/10/18 19:26,1098,2,https://lucianaib.blog.csdn.net/article/details/143050178
原创 【趣学C语言和数据结构100例】,2024/10/17 22:22,875,8,https://lucianaib.blog.csdn.net/article/details/143028768
原创 【趣学C语言和数据结构100例】,2024/10/16 20:36,693,5,https://lucianaib.blog.csdn.net/article/details/142989394
原创 【趣学C语言和数据结构100例】,2024/10/15 21:24,660,评论数未知,https://lucianaib.blog.csdn.net/article/details/142964154
原创 【趣学C语言和数据结构100例】,2024/10/14 21:22,754,1,https://lucianaib.blog.csdn.net/article/details/142928193
原创 【趣学C语言和数据结构100例】,2024/10/13 21:25,1198,评论数未知,https://lucianaib.blog.csdn.net/article/details/142903905
原创 【趣学C语言和数据结构100例】,2024/10/12 21:32,547,6,https://lucianaib.blog.csdn.net/article/details/142886220
原创 【趣学C语言和数据结构100例】,2024/10/11 20:52,1026,8,https://lucianaib.blog.csdn.net/article/details/142862048
原创 【趣学C语言和数据结构100例】,2024/10/10 20:51,995,7,https://lucianaib.blog.csdn.net/article/details/142830987
原创 探索 DrissionPage: 强大的Python网页自动化工具,2024/9/9 15:42,1059,评论数未知,https://lucianaib.blog.csdn.net/article/details/142060839
原创 爬虫技术详解：从原理到实践,2024/9/9 15:37,1915,1,https://lucianaib.blog.csdn.net/article/details/142060626
原创 DrissionPage 实战：极简壁纸爬取之旅,2024/9/9 15:36,1404,1,https://lucianaib.blog.csdn.net/article/details/142060600
原创 J2EE架构与分析期末作业之图书管理系统,2024/6/22 9:00,1735,1,https://lucianaib.blog.csdn.net/article/details/139872055
原创 软件质量保证与测试之SimpleChatbot项目,2024/6/21 20:16,692,2,https://lucianaib.blog.csdn.net/article/details/139869107
原创 软件质量保证与测试之图书馆管理系统,2024/6/21 20:08,1030,评论数未知,https://lucianaib.blog.csdn.net/article/details/139869019
原创 大数据在金融领域的应用与影响,2024/6/17 9:51,1763,评论数未知,https://lucianaib.blog.csdn.net/article/details/139735708
原创 待写操作系统,2024/6/12 17:15,619,1,https://lucianaib.blog.csdn.net/article/details/139632059
原创 实验11 RIPv2配置实验,2024/6/3 20:51,1055,评论数未知,https://lucianaib.blog.csdn.net/article/details/139424348
原创 实验9 静态路由项配置实验,2024/6/2 19:19,713,评论数未知,https://lucianaib.blog.csdn.net/article/details/139395744
原创 三层交换机互连实验四,2024/6/1 15:30,1044,评论数未知,https://lucianaib.blog.csdn.net/article/details/139374509
原创 三层交换机互连实验三,2024/6/1 15:29,659,评论数未知,https://lucianaib.blog.csdn.net/article/details/139374488
原创 三层交换机互连实验二,2024/5/31 21:33,610,评论数未知,https://lucianaib.blog.csdn.net/article/details/139361838
原创 三层交换机互连实验一,2024/5/31 21:32,998,评论数未知,https://lucianaib.blog.csdn.net/article/details/139361808
原创 软件项目管理笔记,2024/5/29 16:11,704,评论数未知,https://lucianaib.blog.csdn.net/article/details/139298611
原创 软件测试笔记,2024/5/29 16:02,150,评论数未知,https://lucianaib.blog.csdn.net/article/details/139298155
原创 数字图像处理技术（基于PaddlePaddle深度学习框架编写的卷积神经网络（CNN）模型的指针表）,2024/1/22 13:33,1283,评论数未知,https://lucianaib.blog.csdn.net/article/details/135746000
原创 软件需求分析(大学图书馆管理系统之大学图书馆数字化转型),2024/1/22 10:43,3023,评论数未知,https://lucianaib.blog.csdn.net/article/details/135742441
原创 操作系统实验之银行家算法,2024/1/21 10:59,1078,评论数未知,https://lucianaib.blog.csdn.net/article/details/135726816
原创 操作系统实验之请求页式管理（页面置换算法）,2024/1/21 10:58,1725,评论数未知,https://lucianaib.blog.csdn.net/article/details/135726807
原创 操作系统实验之进程同步,2024/1/21 10:56,1782,评论数未知,https://lucianaib.blog.csdn.net/article/details/135725885
原创 操作系统实验之进程控制,2024/1/19 17:05,1578,1,https://lucianaib.blog.csdn.net/article/details/135702678
原创 操作系统实验之存储器管理,2024/1/19 17:03,1383,1,https://lucianaib.blog.csdn.net/article/details/135702587
原创 操作系统实验之处理机调度,2024/1/19 17:01,1237,评论数未知,https://lucianaib.blog.csdn.net/article/details/135702445
原创 操作系统实验之widows系统管理,2024/1/19 16:57,1512,评论数未知,https://lucianaib.blog.csdn.net/article/details/135702316
原创 C++STL实验之综合练习,2024/1/15 10:12,110,评论数未知,https://lucianaib.blog.csdn.net/article/details/135594790
原创 C++STL实验之set容器的应用,2024/1/15 10:11,118,评论数未知,https://lucianaib.blog.csdn.net/article/details/135594761
原创 C++STL实验之map容器的应用,2024/1/15 10:10,133,评论数未知,https://lucianaib.blog.csdn.net/article/details/135594728
原创 C++STL实验之bitset容器的应用,2024/1/15 10:09,269,评论数未知,https://lucianaib.blog.csdn.net/article/details/135594696
原创 C++STL实验之stack容器的应用,2024/1/15 10:08,162,评论数未知,https://lucianaib.blog.csdn.net/article/details/135594658
原创 C++STL实验之list容器的应用,2024/1/15 10:08,175,评论数未知,https://lucianaib.blog.csdn.net/article/details/135594638
原创 C++STL实验之deque容器的应用,2024/1/15 10:06,118,评论数未知,https://lucianaib.blog.csdn.net/article/details/135594601
原创 C++STL实验之 vector容器的应用,2024/1/15 10:05,347,评论数未知,https://lucianaib.blog.csdn.net/article/details/135594555
原创 数据结构之货仓选址问题（DFS）,2024/1/15 10:02,269,评论数未知,https://lucianaib.blog.csdn.net/article/details/135594419
原创 数据结构之洪水填充算法（DFS）,2024/1/15 10:00,425,评论数未知,https://lucianaib.blog.csdn.net/article/details/135594361
原创 数据结构之鲸鱼算法,2024/1/15 9:58,201,评论数未知,https://lucianaib.blog.csdn.net/article/details/135594285
原创 计算机网络实验之 OSPF路由协议配置实验,2024/1/10 13:30,580,评论数未知,https://lucianaib.blog.csdn.net/article/details/135501266
原创 计算机网络实验之RIP路由协议配置实验,2024/1/10 13:27,1082,评论数未知,https://lucianaib.blog.csdn.net/article/details/135501209
原创 计算机网络实验之静态路由与默认路由配置实验,2024/1/10 13:23,648,评论数未知,https://lucianaib.blog.csdn.net/article/details/135501169
原创 计算机网络实验之ARP协议分析实验,2024/1/10 13:22,560,评论数未知,https://lucianaib.blog.csdn.net/article/details/135501162
原创 计算机网络实验之路由器IP地址配置及直连网络实验,2024/1/10 13:21,811,评论数未知,https://lucianaib.blog.csdn.net/article/details/135501128
原创 计算机网络实验之交换机VLAN实验,2024/1/10 13:19,897,评论数未知,https://lucianaib.blog.csdn.net/article/details/135501112
原创 计算机网络实验之以太网二层交换机原理实验,2024/1/10 13:18,1491,评论数未知,https://lucianaib.blog.csdn.net/article/details/135501101
原创 计算机网络实验之ping命令实验,2024/1/10 13:17,1189,评论数未知,https://lucianaib.blog.csdn.net/article/details/135501080
原创 数据结构之网络流量路径分析（BFS）,2024/1/9 16:43,1186,评论数未知,https://lucianaib.blog.csdn.net/article/details/135484547
原创 数据结构之数据中心网络路由（BFS）,2024/1/9 16:42,456,评论数未知,https://lucianaib.blog.csdn.net/article/details/135484505
原创 数据结构之卫星通信网络（BFS）,2024/1/9 16:40,1071,评论数未知,https://lucianaib.blog.csdn.net/article/details/135484439
原创 数据结构之农业作物管理（深度优先搜索）,2024/1/9 16:35,1021,评论数未知,https://lucianaib.blog.csdn.net/article/details/135484256
原创 数据结构之旅行商问题（深度优先搜索）,2024/1/9 16:33,1166,评论数未知,https://lucianaib.blog.csdn.net/article/details/135484184
原创 数据结构之环境监测系统(深度优先搜索),2024/1/9 16:31,515,评论数未知,https://lucianaib.blog.csdn.net/article/details/135484139
原创 数据结构之蜜蜂算法,2024/1/9 16:29,1093,评论数未知,https://lucianaib.blog.csdn.net/article/details/135484059
原创 数据结构之路由表查找算法(深度优先搜索和宽度优先搜索),2024/1/9 16:25,1003,评论数未知,https://lucianaib.blog.csdn.net/article/details/135483886
原创 数据结构之网络攻击路径(深度优先搜索),2024/1/9 16:22,1049,评论数未知,https://lucianaib.blog.csdn.net/article/details/135483808
原创 数据结构之博弈树搜索(深度优先搜索),2024/1/9 16:20,1249,评论数未知,https://lucianaib.blog.csdn.net/article/details/135483682
原创 数据结构之购物车系统(链表和栈),2024/1/9 16:16,1072,评论数未知,https://lucianaib.blog.csdn.net/article/details/135483620
原创 数据结构之文件系统模拟（树数据结构）,2024/1/9 16:13,1008,评论数未知,https://lucianaib.blog.csdn.net/article/details/135483484
原创 数据结构之朋友关系处理,2024/1/9 16:11,1351,评论数未知,https://lucianaib.blog.csdn.net/article/details/135483306
原创 《代码随想录》笔记,2023/12/29 13:24,1233,评论数未知,https://lucianaib.blog.csdn.net/article/details/135288856
原创 大学物理实验之液体表面张力系数的测定,2023/12/25 13:39,4961,1,https://lucianaib.blog.csdn.net/article/details/135197648
原创 大学物理实验之示波器实验,2023/12/25 13:38,2844,评论数未知,https://lucianaib.blog.csdn.net/article/details/135197588
原创 大学物理实验之密立根油滴实验,2023/12/25 13:35,1880,评论数未知,https://lucianaib.blog.csdn.net/article/details/135197573
原创 大学物理实验之迈克耳孙干涉仪,2023/12/25 13:34,3555,评论数未知,https://lucianaib.blog.csdn.net/article/details/135197552
原创 大学物理实验之交流电桥,2023/12/25 13:33,2287,评论数未知,https://lucianaib.blog.csdn.net/article/details/135197524
原创 大学物理实验之基本电学量的测量,2023/12/25 13:32,1291,评论数未知,https://lucianaib.blog.csdn.net/article/details/135197505
原创 大学物理实验之霍尔效应实验,2023/12/25 13:31,3149,评论数未知,https://lucianaib.blog.csdn.net/article/details/135197493
原创 大学物理实验之分光计实验,2023/12/25 13:30,2275,评论数未知,https://lucianaib.blog.csdn.net/article/details/135197464
原创 数据结构实验之矩阵的运算器（二维数组）,2023/12/24 10:11,998,评论数未知,https://lucianaib.blog.csdn.net/article/details/135178844
原创 数据结构实验之二叉树实验基础,2023/12/24 10:08,558,评论数未知,https://lucianaib.blog.csdn.net/article/details/135178814
原创 数据结构实验之最长公共子序列,2023/12/24 10:07,438,评论数未知,https://lucianaib.blog.csdn.net/article/details/135178804
原创 数据结构实验之串模式匹配问题,2023/12/24 10:06,415,评论数未知,https://lucianaib.blog.csdn.net/article/details/135178796
原创 数据结构实验之操作系统打印机管理器问题,2023/12/24 10:05,527,评论数未知,https://lucianaib.blog.csdn.net/article/details/135178787
原创 数据结构实验之链表,2023/12/24 10:03,959,评论数未知,https://lucianaib.blog.csdn.net/article/details/135178771
原创 数据结构实验之C 语言的函数数组指针结构体知识,2023/12/24 10:02,827,评论数未知,https://lucianaib.blog.csdn.net/article/details/135178758
原创 C语言之指针,2023/12/24 9:55,840,评论数未知,https://lucianaib.blog.csdn.net/article/details/135178696
原创 C语言之循环结构,2023/12/24 9:54,925,评论数未知,https://lucianaib.blog.csdn.net/article/details/135178681
原创 C语言之顺序结构和分支结构,2023/12/24 9:53,418,评论数未知,https://lucianaib.blog.csdn.net/article/details/135178671
原创 C语言之数组,2023/12/23 16:31,404,评论数未知,https://lucianaib.blog.csdn.net/article/details/135170710
原创 C语言之函数,2023/12/23 16:30,809,评论数未知,https://lucianaib.blog.csdn.net/article/details/135170683
原创 大学物理上 简述题,2023/12/23 13:13,674,评论数未知,https://lucianaib.blog.csdn.net/article/details/135167501
原创 C++复习题库（仅供参考）,2023/12/23 13:11,2123,4,https://lucianaib.blog.csdn.net/article/details/135167482
原创 C++复习知识点（仅供参考）,2023/12/23 13:09,2422,评论数未知,https://lucianaib.blog.csdn.net/article/details/135167446
原创 C++之多态,2023/12/23 13:00,957,评论数未知,https://lucianaib.blog.csdn.net/article/details/135167376
原创 C++之继承与派生,2023/12/23 12:59,897,1,https://lucianaib.blog.csdn.net/article/details/135167369
原创 C++之动态内存分配,2023/12/23 12:58,449,1,https://lucianaib.blog.csdn.net/article/details/135167349
原创 C++之模板,2023/12/23 12:57,374,1,https://lucianaib.blog.csdn.net/article/details/135167344
原创 C++之成员对象,2023/12/23 12:57,945,1,https://lucianaib.blog.csdn.net/article/details/135167335
原创 C++之运算符重载,2023/12/23 12:56,938,1,https://lucianaib.blog.csdn.net/article/details/135167328
原创 C++之构造函数和析构函数,2023/12/23 12:55,465,1,https://lucianaib.blog.csdn.net/article/details/135167319
原创 C++之类与对象,2023/12/23 12:54,424,1,https://lucianaib.blog.csdn.net/article/details/135167311
原创 Linux/Unix系统基础课程总结,2023/12/23 10:01,1303,1,https://lucianaib.blog.csdn.net/article/details/135165066
原创 数据库系统概论之应用开发实验,2023/12/22 23:47,1045,评论数未知,https://lucianaib.blog.csdn.net/article/details/135163068
原创 数据库系统概论之数据库设计实验,2023/12/22 23:40,1051,评论数未知,https://lucianaib.blog.csdn.net/article/details/135163039
原创 数据库系统概论之触发器实验,2023/12/22 23:38,1024,评论数未知,https://lucianaib.blog.csdn.net/article/details/135163006
原创 数据库系统概论之完整性语言实验,2023/12/22 23:30,880,评论数未知,https://lucianaib.blog.csdn.net/article/details/135162937
原创 数据库系统概论之安全性语言实验,2023/12/22 23:28,949,评论数未知,https://lucianaib.blog.csdn.net/article/details/135162921
原创 数据库系统概论之 数据库定义与操作语言实验,2023/12/22 23:25,868,评论数未知,https://lucianaib.blog.csdn.net/article/details/135162874
原创 计算机系统基础zhi IO接口实验（8255）,2023/12/22 23:18,587,评论数未知,https://lucianaib.blog.csdn.net/article/details/135162782
原创 计算机系统基础之ALU,2023/12/22 23:06,1040,评论数未知,https://lucianaib.blog.csdn.net/article/details/135162680
原创 计算机系统基础之存储器实验,2023/12/22 23:01,1721,评论数未知,https://lucianaib.blog.csdn.net/article/details/135162620
原创 计算机系统基础之寄存器实验,2023/12/22 23:00,2331,评论数未知,https://lucianaib.blog.csdn.net/article/details/135162606
原创 计算机系统基础之总线实验,2023/12/22 22:59,1230,评论数未知,https://lucianaib.blog.csdn.net/article/details/135162594
原创 计算机系统基础之熟悉环境,2023/12/22 22:57,557,评论数未知,https://lucianaib.blog.csdn.net/article/details/135162555
